user_id,region,device,user_type,signup_date
1,US,pc,returning,03/05/2025
2,US,pc,returning,21/02/2025
3,DE,pc,returning,17/02/2025
4,US,pc,returning,24/01/2025
5,UK,mobile,returning,01/01/2025
6,DE,mobile,new,01/04/2025
7,US,pc,returning,27/06/2025
8,US,mobile,new,09/02/2025
9,UK,mobile,new,21/03/2025
10,US,mobile,returning,18/06/2025
11,UK,pc,returning,20/05/2025
12,DE,pc,returning,01/01/2025
13,US,pc,new,01/04/2025
14,DE,mobile,returning,26/01/2025
15,US,mobile,returning,14/02/2025
16,UK,mobile,new,14/02/2025
17,US,mobile,new,21/04/2025
18,UK,pc,returning,05/02/2025
19,DE,pc,new,15/02/2025
20,US,mobile,returning,10/02/2025
21,US,mobile,new,06/03/2025
22,UK,mobile,new,29/04/2025
23,DE,console,returning,13/03/2025
24,DE,pc,new,28/02/2025
25,US,mobile,returning,04/04/2025
26,UK,console,returning,21/04/2025
27,US,mobile,new,03/01/2025
28,UK,mobile,returning,10/06/2025
29,UK,console,returning,14/06/2025
30,US,mobile,returning,19/04/2025
31,US,mobile,returning,14/04/2025
32,DE,pc,returning,06/05/2025
33,UK,mobile,returning,21/03/2025
34,UK,pc,new,07/03/2025
35,US,mobile,returning,05/03/2025
36,UK,mobile,returning,29/01/2025
37,UK,mobile,returning,01/06/2025
38,US,mobile,returning,27/02/2025
39,UK,mobile,new,21/02/2025
40,US,mobile,returning,23/06/2025
41,US,console,returning,02/04/2025
42,DE,mobile,new,22/04/2025
43,US,mobile,new,14/02/2025
44,UK,mobile,returning,19/02/2025
45,DE,mobile,returning,12/05/2025
46,DE,mobile,returning,23/03/2025
47,UK,pc,new,27/01/2025
48,UK,mobile,new,31/05/2025
49,US,console,returning,14/03/2025
50,UK,console,returning,01/05/2025
51,UK,mobile,returning,03/03/2025
52,UK,mobile,returning,11/04/2025
53,US,mobile,returning,20/05/2025
54,US,pc,returning,09/06/2025
55,US,mobile,returning,07/02/2025
56,US,console,returning,02/05/2025
57,US,pc,returning,14/06/2025
58,US,pc,new,26/04/2025
59,UK,mobile,new,26/01/2025
60,UK,console,returning,04/02/2025
61,US,mobile,returning,06/02/2025
62,US,mobile,returning,20/01/2025
63,US,mobile,new,16/05/2025
64,US,console,returning,23/06/2025
65,US,pc,new,04/04/2025
66,US,pc,returning,18/04/2025
67,US,mobile,returning,20/05/2025
68,UK,console,returning,16/03/2025
69,UK,mobile,returning,27/03/2025
70,US,mobile,new,17/04/2025
71,UK,console,new,24/02/2025
72,US,mobile,returning,12/01/2025
73,DE,mobile,returning,13/04/2025
74,UK,pc,returning,28/05/2025
75,UK,mobile,new,14/01/2025
76,UK,mobile,new,08/02/2025
77,UK,mobile,new,17/02/2025
78,US,mobile,new,25/05/2025
79,US,console,new,01/04/2025
80,US,pc,returning,07/04/2025
81,US,mobile,returning,27/04/2025
82,US,mobile,new,19/02/2025
83,DE,mobile,new,09/05/2025
84,UK,pc,new,06/01/2025
85,UK,console,returning,21/01/2025
86,UK,console,new,27/05/2025
87,US,mobile,returning,29/04/2025
88,US,mobile,returning,01/02/2025
89,UK,mobile,new,20/03/2025
90,US,pc,returning,10/01/2025
91,UK,mobile,returning,01/05/2025
92,US,pc,new,17/05/2025
93,US,pc,new,20/02/2025
94,UK,mobile,returning,05/03/2025
95,UK,mobile,returning,12/02/2025
96,US,mobile,returning,12/03/2025
97,UK,mobile,returning,19/02/2025
98,UK,mobile,new,14/02/2025
99,UK,pc,returning,19/03/2025
100,DE,mobile,returning,04/06/2025
101,DE,mobile,new,18/05/2025
102,US,pc,returning,23/02/2025
103,UK,pc,returning,19/06/2025
104,DE,mobile,returning,07/02/2025
105,US,pc,new,13/06/2025
106,US,console,new,25/02/2025
107,US,pc,returning,08/04/2025
108,UK,pc,returning,06/02/2025
109,UK,mobile,returning,18/05/2025
110,DE,console,returning,27/02/2025
111,US,mobile,returning,07/06/2025
112,UK,console,new,15/01/2025
113,UK,pc,new,01/04/2025
114,US,mobile,new,29/01/2025
115,UK,mobile,new,10/06/2025
116,DE,pc,returning,17/03/2025
117,US,pc,new,02/05/2025
118,US,mobile,new,08/06/2025
119,US,pc,returning,07/04/2025
120,US,console,new,11/01/2025
121,US,mobile,new,09/02/2025
122,US,mobile,returning,08/02/2025
123,UK,mobile,new,14/06/2025
124,US,pc,returning,13/06/2025
125,UK,mobile,returning,27/03/2025
126,US,console,new,10/06/2025
127,UK,mobile,returning,14/02/2025
128,UK,pc,returning,03/05/2025
129,UK,mobile,returning,12/03/2025
130,US,mobile,returning,13/02/2025
131,UK,pc,returning,15/02/2025
132,DE,mobile,returning,17/03/2025
133,US,mobile,returning,03/03/2025
134,UK,console,new,08/02/2025
135,US,console,returning,02/03/2025
136,UK,console,returning,24/01/2025
137,DE,mobile,returning,24/06/2025
138,US,pc,new,10/03/2025
139,US,console,new,20/01/2025
140,UK,mobile,returning,14/04/2025
141,US,mobile,returning,08/06/2025
142,US,pc,new,06/03/2025
143,DE,mobile,new,02/06/2025
144,US,pc,new,20/04/2025
145,US,console,returning,14/05/2025
146,UK,pc,new,23/02/2025
147,UK,mobile,returning,07/01/2025
148,US,mobile,new,04/03/2025
149,US,mobile,new,16/06/2025
150,UK,mobile,new,23/05/2025
151,DE,pc,returning,22/05/2025
152,DE,pc,returning,08/06/2025
153,UK,mobile,returning,09/03/2025
154,US,mobile,returning,27/02/2025
155,UK,console,new,16/06/2025
156,US,mobile,returning,13/04/2025
157,UK,mobile,new,23/02/2025
158,US,mobile,new,20/02/2025
159,US,pc,returning,07/06/2025
160,US,mobile,new,10/01/2025
161,UK,pc,returning,12/01/2025
162,DE,mobile,returning,13/05/2025
163,UK,pc,returning,01/01/2025
164,UK,mobile,returning,31/01/2025
165,US,mobile,returning,28/06/2025
166,UK,mobile,new,18/03/2025
167,DE,mobile,new,11/05/2025
168,DE,mobile,new,29/03/2025
169,UK,mobile,returning,17/01/2025
170,DE,mobile,returning,03/02/2025
171,UK,mobile,new,17/05/2025
172,US,console,returning,18/01/2025
173,UK,mobile,returning,18/04/2025
174,DE,pc,returning,04/03/2025
175,UK,console,returning,08/03/2025
176,UK,mobile,returning,21/06/2025
177,US,pc,returning,20/04/2025
178,DE,console,returning,21/04/2025
179,DE,pc,new,05/03/2025
180,US,mobile,returning,10/03/2025
181,DE,mobile,new,04/05/2025
182,DE,mobile,returning,08/01/2025
183,US,mobile,new,12/02/2025
184,UK,console,new,19/04/2025
185,US,console,new,23/04/2025
186,US,mobile,new,17/01/2025
187,UK,pc,new,22/05/2025
188,UK,mobile,new,08/04/2025
189,US,console,returning,12/02/2025
190,UK,mobile,new,16/05/2025
191,DE,console,returning,28/06/2025
192,UK,pc,returning,18/03/2025
193,UK,mobile,returning,21/02/2025
194,DE,mobile,new,23/02/2025
195,UK,pc,new,17/04/2025
196,UK,mobile,returning,09/01/2025
197,US,mobile,new,29/03/2025
198,DE,console,new,05/01/2025
199,UK,pc,returning,07/01/2025
200,UK,mobile,returning,19/03/2025
201,US,mobile,new,15/05/2025
202,DE,mobile,returning,09/06/2025
203,US,console,returning,16/01/2025
204,UK,mobile,returning,13/02/2025
205,UK,mobile,new,17/03/2025
206,UK,mobile,new,14/04/2025
207,UK,console,returning,27/06/2025
208,US,mobile,new,04/05/2025
209,UK,console,returning,07/04/2025
210,US,pc,new,11/01/2025
211,US,pc,returning,15/01/2025
212,US,console,returning,28/01/2025
213,UK,pc,returning,29/04/2025
214,DE,console,returning,01/03/2025
215,US,mobile,new,13/02/2025
216,US,pc,returning,01/05/2025
217,UK,mobile,new,27/05/2025
218,UK,mobile,returning,21/03/2025
219,DE,console,returning,08/06/2025
220,UK,console,returning,13/05/2025
221,UK,pc,returning,09/05/2025
222,US,mobile,returning,06/06/2025
223,US,mobile,new,03/02/2025
224,DE,mobile,returning,17/05/2025
225,UK,mobile,returning,22/06/2025
226,DE,mobile,new,28/06/2025
227,UK,mobile,returning,15/04/2025
228,US,mobile,new,16/05/2025
229,US,pc,new,09/06/2025
230,UK,mobile,new,03/06/2025
231,UK,console,new,11/06/2025
232,US,pc,returning,30/05/2025
233,DE,mobile,returning,10/03/2025
234,US,mobile,returning,12/05/2025
235,DE,mobile,returning,15/03/2025
236,DE,console,new,25/05/2025
237,US,mobile,returning,26/05/2025
238,US,mobile,new,18/06/2025
239,UK,console,returning,16/04/2025
240,UK,console,new,27/03/2025
241,DE,mobile,returning,30/01/2025
242,US,mobile,returning,25/04/2025
243,UK,mobile,returning,12/04/2025
244,US,mobile,returning,03/04/2025
245,US,mobile,new,02/05/2025
246,DE,pc,returning,03/06/2025
247,US,console,returning,27/01/2025
248,US,mobile,returning,19/03/2025
249,UK,pc,returning,11/05/2025
250,US,mobile,returning,28/05/2025
251,US,pc,returning,21/05/2025
252,DE,pc,new,24/05/2025
253,US,console,returning,03/06/2025
254,UK,console,returning,23/06/2025
255,UK,mobile,returning,20/04/2025
256,US,mobile,returning,14/02/2025
257,DE,mobile,new,12/04/2025
258,UK,mobile,returning,08/05/2025
259,UK,console,new,19/01/2025
260,US,mobile,new,17/05/2025
261,UK,pc,returning,08/04/2025
262,DE,mobile,new,18/06/2025
263,UK,mobile,new,08/02/2025
264,UK,mobile,new,13/06/2025
265,DE,pc,returning,22/03/2025
266,UK,pc,returning,14/04/2025
267,UK,mobile,returning,29/04/2025
268,UK,mobile,new,15/04/2025
269,UK,pc,returning,12/06/2025
270,UK,mobile,returning,31/01/2025
271,UK,console,returning,12/05/2025
272,UK,mobile,new,25/06/2025
273,UK,mobile,new,09/02/2025
274,US,mobile,returning,15/02/2025
275,US,mobile,returning,27/03/2025
276,UK,mobile,returning,11/05/2025
277,UK,mobile,returning,22/06/2025
278,US,console,returning,24/05/2025
279,DE,mobile,returning,23/05/2025
280,DE,mobile,new,21/03/2025
281,UK,mobile,returning,27/04/2025
282,UK,mobile,returning,08/02/2025
283,UK,pc,new,25/03/2025
284,UK,mobile,returning,04/02/2025
285,US,pc,new,05/01/2025
286,US,mobile,returning,04/06/2025
287,UK,console,new,25/05/2025
288,UK,mobile,returning,02/04/2025
289,US,console,new,03/01/2025
290,UK,mobile,returning,17/01/2025
291,DE,mobile,returning,21/01/2025
292,UK,pc,new,10/05/2025
293,DE,pc,returning,06/02/2025
294,UK,pc,returning,15/02/2025
295,DE,mobile,returning,04/06/2025
296,DE,pc,new,07/06/2025
297,DE,console,returning,18/05/2025
298,DE,pc,new,25/02/2025
299,US,mobile,new,15/04/2025
300,US,pc,returning,06/02/2025
301,US,pc,returning,04/06/2025
302,UK,console,returning,16/01/2025
303,US,mobile,new,14/05/2025
304,US,mobile,returning,03/04/2025
305,DE,pc,returning,17/05/2025
306,US,mobile,returning,23/03/2025
307,UK,pc,returning,29/01/2025
308,US,mobile,new,16/05/2025
309,UK,mobile,new,24/04/2025
310,UK,pc,returning,25/03/2025
311,US,mobile,returning,09/03/2025
312,US,mobile,new,03/03/2025
313,UK,pc,new,28/03/2025
314,UK,pc,new,17/02/2025
315,UK,console,returning,20/02/2025
316,UK,mobile,new,20/02/2025
317,UK,mobile,returning,03/01/2025
318,US,console,returning,17/06/2025
319,UK,mobile,new,12/02/2025
320,DE,mobile,returning,30/01/2025
321,DE,mobile,returning,28/01/2025
322,US,mobile,returning,27/06/2025
323,UK,console,new,27/03/2025
324,US,pc,new,28/02/2025
325,DE,pc,new,14/03/2025
326,US,mobile,returning,16/01/2025
327,DE,mobile,returning,26/02/2025
328,US,mobile,new,14/02/2025
329,US,mobile,new,25/05/2025
330,UK,mobile,returning,11/01/2025
331,US,mobile,new,18/03/2025
332,UK,mobile,new,23/05/2025
333,US,pc,returning,31/05/2025
334,DE,pc,new,03/04/2025
335,UK,mobile,new,10/02/2025
336,US,mobile,returning,02/03/2025
337,UK,pc,new,10/02/2025
338,US,pc,returning,30/04/2025
339,UK,pc,returning,22/02/2025
340,DE,mobile,returning,24/04/2025
341,UK,pc,new,29/04/2025
342,DE,mobile,returning,19/06/2025
343,DE,mobile,new,08/03/2025
344,US,mobile,returning,23/06/2025
345,US,mobile,new,14/03/2025
346,US,mobile,returning,03/05/2025
347,DE,mobile,new,30/04/2025
348,UK,pc,new,28/05/2025
349,US,mobile,returning,26/03/2025
350,UK,mobile,new,23/05/2025
351,US,mobile,new,05/03/2025
352,UK,mobile,returning,30/03/2025
353,US,mobile,returning,31/03/2025
354,US,mobile,new,07/05/2025
355,US,mobile,returning,22/04/2025
356,US,pc,returning,15/01/2025
357,US,console,returning,26/05/2025
358,US,mobile,returning,17/05/2025
359,US,pc,returning,19/01/2025
360,US,console,returning,23/06/2025
361,DE,console,returning,29/04/2025
362,UK,pc,returning,16/01/2025
363,UK,console,new,30/03/2025
364,UK,console,new,31/05/2025
365,US,pc,new,20/02/2025
366,US,mobile,returning,17/06/2025
367,US,mobile,new,17/03/2025
368,US,mobile,returning,10/02/2025
369,UK,mobile,returning,06/03/2025
370,DE,mobile,returning,05/04/2025
371,US,mobile,new,04/05/2025
372,UK,pc,returning,17/06/2025
373,UK,pc,returning,05/02/2025
374,UK,pc,new,22/06/2025
375,UK,mobile,returning,05/04/2025
376,UK,mobile,new,24/01/2025
377,DE,pc,returning,16/06/2025
378,US,pc,returning,04/03/2025
379,UK,console,new,22/04/2025
380,US,console,new,06/05/2025
381,US,console,new,03/01/2025
382,DE,mobile,new,09/02/2025
383,US,mobile,returning,04/05/2025
384,US,mobile,new,28/02/2025
385,UK,pc,new,02/01/2025
386,DE,console,returning,05/01/2025
387,US,mobile,returning,29/05/2025
388,DE,pc,returning,28/01/2025
389,UK,mobile,returning,19/01/2025
390,DE,mobile,new,12/04/2025
391,US,mobile,returning,22/01/2025
392,UK,mobile,new,28/04/2025
393,US,console,returning,08/04/2025
394,US,mobile,returning,27/04/2025
395,UK,pc,returning,30/03/2025
396,US,pc,returning,21/05/2025
397,DE,mobile,returning,27/04/2025
398,UK,mobile,new,16/03/2025
399,US,pc,returning,03/01/2025
400,US,mobile,returning,19/02/2025
401,UK,console,returning,24/01/2025
402,DE,mobile,returning,03/01/2025
403,US,pc,new,19/02/2025
404,UK,pc,returning,07/02/2025
405,DE,mobile,new,14/01/2025
406,DE,mobile,new,26/02/2025
407,UK,console,new,02/04/2025
408,DE,mobile,returning,02/02/2025
409,UK,mobile,new,19/02/2025
410,DE,mobile,new,04/01/2025
411,US,mobile,new,10/01/2025
412,US,pc,returning,29/01/2025
413,UK,pc,returning,23/03/2025
414,DE,mobile,new,30/04/2025
415,UK,pc,new,22/05/2025
416,UK,mobile,returning,24/04/2025
417,UK,mobile,new,22/04/2025
418,US,pc,returning,18/06/2025
419,UK,console,new,16/02/2025
420,DE,mobile,returning,24/05/2025
421,US,mobile,new,18/06/2025
422,UK,mobile,returning,13/04/2025
423,UK,pc,new,01/06/2025
424,UK,mobile,returning,25/01/2025
425,US,mobile,returning,08/06/2025
426,DE,pc,returning,12/04/2025
427,UK,mobile,returning,09/02/2025
428,DE,mobile,new,12/01/2025
429,UK,mobile,returning,10/05/2025
430,DE,mobile,returning,19/03/2025
431,DE,mobile,new,25/02/2025
432,US,console,returning,12/03/2025
433,US,pc,returning,28/06/2025
434,DE,pc,returning,19/03/2025
435,UK,console,returning,15/01/2025
436,UK,mobile,returning,20/02/2025
437,UK,mobile,returning,27/01/2025
438,US,console,new,04/05/2025
439,US,mobile,new,25/05/2025
440,US,pc,new,01/06/2025
441,DE,pc,returning,24/04/2025
442,UK,mobile,new,19/05/2025
443,US,mobile,new,17/03/2025
444,UK,mobile,new,23/04/2025
445,UK,mobile,new,20/01/2025
446,US,mobile,returning,07/04/2025
447,DE,mobile,new,11/04/2025
448,US,pc,new,06/01/2025
449,UK,console,returning,09/04/2025
450,US,pc,new,11/05/2025
451,UK,mobile,new,08/03/2025
452,DE,mobile,new,09/04/2025
453,US,mobile,returning,21/02/2025
454,UK,mobile,new,18/02/2025
455,UK,console,returning,24/01/2025
456,UK,mobile,returning,01/03/2025
457,DE,mobile,returning,25/05/2025
458,US,pc,new,18/06/2025
459,US,mobile,returning,25/04/2025
460,US,mobile,returning,23/04/2025
461,US,mobile,new,21/04/2025
462,UK,pc,returning,27/03/2025
463,DE,pc,new,18/03/2025
464,UK,mobile,new,22/04/2025
465,US,console,new,22/05/2025
466,US,console,new,16/03/2025
467,US,pc,new,12/04/2025
468,DE,mobile,returning,26/03/2025
469,UK,mobile,returning,21/02/2025
470,US,console,new,22/02/2025
471,US,mobile,returning,15/01/2025
472,US,pc,returning,21/03/2025
473,UK,pc,new,09/05/2025
474,UK,mobile,new,04/05/2025
475,UK,pc,new,27/06/2025
476,UK,console,new,08/01/2025
477,US,pc,new,17/05/2025
478,US,mobile,new,24/05/2025
479,US,console,returning,20/03/2025
480,US,mobile,new,20/02/2025
481,US,pc,new,06/03/2025
482,UK,pc,new,03/05/2025
483,US,pc,returning,05/06/2025
484,UK,mobile,new,26/04/2025
485,UK,mobile,returning,03/04/2025
486,US,mobile,new,28/04/2025
487,US,mobile,new,13/01/2025
488,UK,mobile,returning,20/04/2025
489,US,pc,new,08/01/2025
490,US,mobile,new,22/06/2025
491,US,pc,new,10/06/2025
492,US,console,returning,02/04/2025
493,US,mobile,returning,09/03/2025
494,UK,pc,returning,12/05/2025
495,US,pc,returning,25/04/2025
496,US,mobile,new,07/05/2025
497,US,mobile,returning,03/04/2025
498,US,pc,new,12/02/2025
499,UK,console,returning,14/01/2025
500,US,pc,new,20/02/2025
501,US,console,new,06/04/2025
502,DE,console,returning,18/03/2025
503,DE,mobile,new,02/04/2025
504,US,pc,returning,19/02/2025
505,US,mobile,new,18/06/2025
506,US,console,returning,08/03/2025
507,UK,mobile,returning,02/06/2025
508,DE,mobile,new,12/03/2025
509,US,console,returning,21/03/2025
510,UK,mobile,returning,19/04/2025
511,UK,pc,returning,17/02/2025
512,DE,mobile,new,09/02/2025
513,UK,console,returning,10/03/2025
514,UK,console,returning,25/05/2025
515,UK,mobile,returning,27/01/2025
516,UK,pc,new,20/03/2025
517,UK,mobile,new,01/05/2025
518,US,pc,returning,08/05/2025
519,UK,pc,new,20/03/2025
520,DE,pc,returning,15/01/2025
521,DE,mobile,returning,03/01/2025
522,UK,mobile,new,26/03/2025
523,UK,pc,new,26/05/2025
524,US,pc,returning,06/01/2025
525,UK,mobile,new,09/06/2025
526,UK,mobile,returning,02/05/2025
527,DE,mobile,returning,02/01/2025
528,DE,console,returning,03/03/2025
529,US,mobile,new,09/02/2025
530,UK,mobile,returning,20/06/2025
531,US,console,returning,10/04/2025
532,US,mobile,new,28/02/2025
533,UK,pc,returning,20/02/2025
534,US,mobile,returning,12/04/2025
535,UK,console,returning,01/01/2025
536,UK,pc,returning,16/02/2025
537,US,console,new,30/01/2025
538,UK,mobile,new,22/04/2025
539,UK,mobile,new,01/05/2025
540,DE,pc,new,26/03/2025
541,DE,mobile,returning,26/01/2025
542,US,mobile,new,08/03/2025
543,DE,mobile,returning,01/06/2025
544,DE,console,new,06/02/2025
545,UK,pc,new,30/01/2025
546,US,pc,new,21/01/2025
547,UK,pc,new,28/05/2025
548,UK,mobile,returning,22/01/2025
549,US,mobile,returning,15/04/2025
550,US,mobile,returning,29/06/2025
551,US,pc,new,26/04/2025
552,UK,mobile,returning,16/03/2025
553,UK,console,new,07/02/2025
554,DE,pc,returning,01/01/2025
555,UK,mobile,returning,29/01/2025
556,UK,pc,new,21/06/2025
557,UK,mobile,new,26/01/2025
558,US,console,new,04/01/2025
559,US,console,new,27/05/2025
560,US,console,returning,17/03/2025
561,UK,mobile,returning,06/03/2025
562,UK,mobile,returning,10/05/2025
563,DE,mobile,new,05/04/2025
564,US,mobile,returning,14/06/2025
565,US,mobile,new,26/03/2025
566,US,mobile,returning,09/05/2025
567,US,console,new,08/06/2025
568,UK,mobile,new,25/03/2025
569,UK,mobile,returning,21/02/2025
570,US,pc,new,25/06/2025
571,UK,pc,returning,10/02/2025
572,DE,pc,returning,08/01/2025
573,US,pc,new,15/04/2025
574,US,console,returning,27/06/2025
575,DE,pc,returning,16/01/2025
576,US,mobile,returning,02/06/2025
577,DE,pc,returning,30/05/2025
578,US,mobile,returning,17/06/2025
579,DE,mobile,returning,17/03/2025
580,UK,mobile,returning,15/02/2025
581,US,mobile,returning,03/04/2025
582,US,pc,new,26/01/2025
583,UK,mobile,new,01/06/2025
584,UK,mobile,returning,30/04/2025
585,DE,mobile,new,28/03/2025
586,US,pc,new,03/04/2025
587,UK,mobile,new,09/05/2025
588,UK,pc,returning,05/04/2025
589,UK,console,new,01/06/2025
590,UK,mobile,returning,16/06/2025
591,DE,pc,returning,20/06/2025
592,US,mobile,returning,22/04/2025
593,UK,mobile,new,14/05/2025
594,US,pc,returning,25/02/2025
595,UK,console,returning,07/01/2025
596,UK,mobile,returning,14/03/2025
597,US,pc,returning,06/06/2025
598,US,mobile,new,25/01/2025
599,DE,pc,returning,09/04/2025
600,US,pc,new,04/02/2025
601,US,pc,returning,19/03/2025
602,US,pc,returning,26/01/2025
603,DE,mobile,new,13/05/2025
604,US,pc,returning,26/05/2025
605,DE,pc,new,17/05/2025
606,US,pc,returning,07/05/2025
607,DE,mobile,returning,12/02/2025
608,UK,mobile,new,06/04/2025
609,US,mobile,new,19/01/2025
610,US,mobile,returning,09/03/2025
611,US,mobile,new,02/04/2025
612,US,mobile,returning,01/05/2025
613,DE,pc,returning,18/01/2025
614,DE,mobile,returning,27/05/2025
615,UK,pc,new,24/03/2025
616,US,mobile,returning,08/06/2025
617,US,pc,returning,05/04/2025
618,UK,mobile,new,09/04/2025
619,UK,mobile,new,05/05/2025
620,UK,pc,new,28/05/2025
621,US,console,new,29/01/2025
622,US,mobile,returning,03/04/2025
623,DE,mobile,returning,06/01/2025
624,US,pc,returning,27/03/2025
625,DE,pc,new,27/05/2025
626,US,mobile,new,05/06/2025
627,US,mobile,new,21/02/2025
628,UK,mobile,returning,11/03/2025
629,US,console,returning,10/04/2025
630,DE,mobile,new,13/03/2025
631,DE,mobile,returning,02/02/2025
632,DE,console,new,24/02/2025
633,UK,mobile,new,14/03/2025
634,UK,mobile,new,04/04/2025
635,UK,mobile,returning,15/06/2025
636,UK,mobile,returning,09/04/2025
637,US,mobile,returning,11/03/2025
638,US,mobile,new,29/04/2025
639,US,pc,new,20/05/2025
640,DE,pc,returning,19/03/2025
641,US,mobile,new,30/03/2025
642,DE,pc,returning,09/02/2025
643,UK,mobile,returning,05/06/2025
644,UK,console,new,06/06/2025
645,US,mobile,returning,01/02/2025
646,DE,pc,returning,04/03/2025
647,UK,mobile,returning,18/02/2025
648,US,pc,returning,16/06/2025
649,US,mobile,returning,12/01/2025
650,UK,pc,new,07/02/2025
651,US,mobile,returning,26/02/2025
652,DE,console,new,11/04/2025
653,US,mobile,returning,14/02/2025
654,UK,pc,returning,07/04/2025
655,DE,pc,returning,15/05/2025
656,UK,console,returning,30/05/2025
657,DE,mobile,returning,18/01/2025
658,UK,mobile,new,25/01/2025
659,US,mobile,new,18/01/2025
660,UK,mobile,new,13/06/2025
661,UK,pc,returning,28/04/2025
662,DE,console,new,06/04/2025
663,UK,console,new,23/05/2025
664,UK,mobile,returning,16/04/2025
665,UK,pc,new,12/02/2025
666,US,console,new,02/04/2025
667,DE,console,new,07/05/2025
668,DE,mobile,new,07/01/2025
669,UK,mobile,returning,20/04/2025
670,US,pc,new,31/03/2025
671,UK,mobile,new,13/01/2025
672,US,mobile,returning,17/02/2025
673,DE,console,returning,22/03/2025
674,US,console,returning,03/03/2025
675,US,console,returning,22/02/2025
676,UK,pc,returning,27/04/2025
677,DE,mobile,new,14/03/2025
678,US,mobile,returning,31/03/2025
679,UK,mobile,returning,24/05/2025
680,UK,pc,new,17/01/2025
681,UK,mobile,new,06/03/2025
682,UK,pc,new,14/01/2025
683,UK,mobile,returning,16/06/2025
684,US,pc,returning,03/02/2025
685,US,mobile,returning,28/05/2025
686,UK,mobile,new,04/02/2025
687,US,mobile,new,28/02/2025
688,DE,mobile,returning,20/04/2025
689,US,console,returning,30/05/2025
690,US,mobile,returning,02/02/2025
691,UK,mobile,returning,08/02/2025
692,DE,pc,returning,08/06/2025
693,UK,pc,returning,27/02/2025
694,UK,mobile,returning,07/02/2025
695,DE,mobile,returning,14/05/2025
696,US,mobile,new,17/01/2025
697,US,pc,new,06/06/2025
698,US,mobile,new,07/06/2025
699,US,mobile,new,04/06/2025
700,UK,mobile,new,23/02/2025
701,UK,pc,returning,21/01/2025
702,UK,mobile,new,18/03/2025
703,UK,pc,returning,02/03/2025
704,DE,mobile,returning,22/06/2025
705,UK,pc,returning,24/04/2025
706,US,mobile,returning,19/06/2025
707,US,mobile,new,16/05/2025
708,US,mobile,returning,09/05/2025
709,US,pc,new,21/01/2025
710,US,console,returning,13/01/2025
711,DE,mobile,new,09/01/2025
712,US,mobile,new,17/04/2025
713,DE,console,returning,06/02/2025
714,DE,mobile,returning,28/06/2025
715,US,mobile,returning,24/01/2025
716,UK,mobile,returning,20/06/2025
717,US,pc,new,01/05/2025
718,UK,pc,returning,20/01/2025
719,US,pc,new,11/01/2025
720,DE,console,new,13/03/2025
721,US,mobile,new,03/03/2025
722,US,mobile,new,26/02/2025
723,UK,mobile,new,06/04/2025
724,DE,mobile,returning,24/01/2025
725,UK,mobile,new,24/01/2025
726,UK,mobile,new,06/05/2025
727,UK,mobile,returning,28/06/2025
728,UK,pc,new,19/02/2025
729,US,mobile,returning,17/06/2025
730,US,mobile,returning,04/03/2025
731,UK,pc,new,02/03/2025
732,UK,pc,returning,17/01/2025
733,UK,pc,new,18/03/2025
734,UK,pc,new,31/03/2025
735,UK,pc,returning,30/04/2025
736,US,mobile,returning,29/01/2025
737,UK,mobile,returning,03/02/2025
738,UK,pc,new,19/03/2025
739,UK,mobile,returning,13/01/2025
740,US,mobile,new,26/01/2025
741,UK,mobile,new,24/04/2025
742,UK,mobile,new,21/06/2025
743,DE,mobile,returning,14/04/2025
744,UK,mobile,new,27/01/2025
745,US,pc,returning,28/06/2025
746,US,console,returning,04/04/2025
747,UK,mobile,returning,10/05/2025
748,US,console,returning,05/02/2025
749,US,mobile,returning,15/04/2025
750,DE,console,new,14/01/2025
751,UK,console,new,23/04/2025
752,UK,mobile,returning,06/02/2025
753,UK,pc,new,13/06/2025
754,US,console,new,10/01/2025
755,US,console,new,28/04/2025
756,UK,console,new,26/01/2025
757,UK,pc,new,04/05/2025
758,DE,mobile,new,30/03/2025
759,UK,pc,returning,24/06/2025
760,US,pc,new,28/04/2025
761,US,pc,returning,08/03/2025
762,UK,mobile,returning,16/01/2025
763,UK,pc,new,18/04/2025
764,UK,mobile,returning,21/03/2025
765,DE,pc,returning,10/01/2025
766,UK,mobile,returning,15/04/2025
767,UK,pc,new,07/02/2025
768,UK,pc,new,12/02/2025
769,UK,mobile,new,02/01/2025
770,US,mobile,returning,08/03/2025
771,UK,mobile,returning,09/02/2025
772,US,console,returning,13/01/2025
773,US,pc,returning,20/03/2025
774,DE,mobile,returning,09/02/2025
775,UK,mobile,returning,25/01/2025
776,DE,mobile,new,26/03/2025
777,US,mobile,returning,12/01/2025
778,UK,console,new,28/06/2025
779,US,pc,new,26/03/2025
780,DE,mobile,returning,29/06/2025
781,UK,console,returning,08/06/2025
782,DE,mobile,new,26/06/2025
783,US,console,returning,08/04/2025
784,US,mobile,new,18/03/2025
785,DE,pc,new,10/05/2025
786,UK,console,new,15/01/2025
787,DE,mobile,returning,01/06/2025
788,UK,pc,returning,28/02/2025
789,US,console,new,02/01/2025
790,US,mobile,new,12/02/2025
791,UK,mobile,new,13/02/2025
792,US,pc,new,03/01/2025
793,UK,mobile,returning,01/05/2025
794,UK,mobile,returning,18/01/2025
795,UK,mobile,returning,02/06/2025
796,UK,pc,new,23/03/2025
797,UK,mobile,returning,10/05/2025
798,UK,mobile,new,03/03/2025
799,US,pc,new,24/01/2025
800,US,mobile,returning,02/02/2025
801,US,pc,returning,27/04/2025
802,UK,mobile,returning,09/05/2025
803,DE,console,returning,18/02/2025
804,US,pc,returning,06/03/2025
805,UK,mobile,returning,20/06/2025
806,UK,console,new,03/06/2025
807,US,mobile,new,16/03/2025
808,UK,mobile,new,13/02/2025
809,US,mobile,new,24/02/2025
810,DE,pc,new,07/04/2025
811,UK,mobile,new,13/04/2025
812,UK,mobile,returning,03/02/2025
813,DE,mobile,returning,12/01/2025
814,US,mobile,returning,31/03/2025
815,UK,mobile,new,24/05/2025
816,DE,mobile,returning,28/01/2025
817,DE,mobile,new,15/03/2025
818,US,mobile,new,30/01/2025
819,US,pc,new,13/02/2025
820,UK,mobile,new,21/04/2025
821,UK,pc,new,21/02/2025
822,US,mobile,returning,17/02/2025
823,UK,mobile,returning,29/06/2025
824,US,mobile,returning,01/02/2025
825,DE,mobile,new,04/02/2025
826,UK,mobile,returning,17/06/2025
827,US,pc,returning,10/04/2025
828,UK,mobile,new,08/01/2025
829,DE,mobile,returning,18/03/2025
830,UK,pc,returning,12/04/2025
831,US,mobile,new,15/02/2025
832,US,mobile,new,09/04/2025
833,UK,mobile,returning,27/04/2025
834,US,mobile,new,15/02/2025
835,US,mobile,new,27/05/2025
836,US,pc,new,23/03/2025
837,US,console,returning,23/06/2025
838,DE,mobile,new,16/01/2025
839,US,pc,new,28/02/2025
840,US,pc,new,10/05/2025
841,UK,mobile,returning,11/06/2025
842,US,pc,returning,09/02/2025
843,US,pc,returning,26/06/2025
844,US,console,new,04/02/2025
845,UK,console,new,16/03/2025
846,DE,mobile,returning,26/02/2025
847,UK,mobile,new,18/03/2025
848,US,mobile,returning,12/06/2025
849,UK,mobile,returning,12/05/2025
850,DE,mobile,returning,24/05/2025
851,UK,console,returning,15/02/2025
852,UK,mobile,returning,20/06/2025
853,DE,mobile,new,20/03/2025
854,DE,pc,returning,28/04/2025
855,UK,mobile,new,06/05/2025
856,US,mobile,returning,30/04/2025
857,US,console,new,19/04/2025
858,DE,mobile,new,28/03/2025
859,UK,mobile,returning,27/04/2025
860,US,mobile,new,12/06/2025
861,US,console,new,12/03/2025
862,US,mobile,returning,02/04/2025
863,US,mobile,new,02/02/2025
864,US,mobile,returning,05/03/2025
865,UK,mobile,new,19/05/2025
866,DE,console,new,26/04/2025
867,DE,mobile,new,08/02/2025
868,US,console,returning,09/04/2025
869,UK,mobile,returning,27/05/2025
870,UK,mobile,new,23/01/2025
871,US,console,returning,12/01/2025
872,UK,mobile,returning,12/03/2025
873,DE,mobile,returning,29/04/2025
874,UK,console,returning,26/02/2025
875,US,mobile,returning,28/05/2025
876,DE,mobile,returning,02/06/2025
877,UK,console,returning,06/04/2025
878,UK,mobile,returning,10/03/2025
879,US,mobile,new,08/01/2025
880,US,mobile,new,28/05/2025
881,US,mobile,returning,11/06/2025
882,US,mobile,new,21/03/2025
883,DE,pc,new,03/04/2025
884,US,mobile,new,16/05/2025
885,UK,pc,new,06/05/2025
886,UK,mobile,returning,25/01/2025
887,UK,mobile,returning,02/05/2025
888,UK,mobile,new,16/06/2025
889,UK,pc,new,16/05/2025
890,US,mobile,new,28/03/2025
891,UK,mobile,new,05/04/2025
892,DE,console,returning,16/02/2025
893,UK,pc,returning,29/04/2025
894,UK,mobile,returning,13/02/2025
895,US,console,returning,03/03/2025
896,DE,mobile,returning,17/02/2025
897,UK,mobile,returning,02/03/2025
898,UK,mobile,returning,08/03/2025
899,UK,mobile,returning,15/01/2025
900,US,mobile,new,10/05/2025
901,US,pc,returning,21/03/2025
902,UK,mobile,new,20/06/2025
903,UK,pc,new,02/02/2025
904,US,console,returning,01/05/2025
905,DE,pc,returning,02/02/2025
906,US,pc,new,09/04/2025
907,US,pc,new,30/03/2025
908,UK,console,new,22/03/2025
909,UK,mobile,returning,28/04/2025
910,UK,mobile,new,30/05/2025
911,US,mobile,returning,27/02/2025
912,DE,mobile,returning,02/06/2025
913,DE,mobile,returning,03/02/2025
914,DE,pc,returning,22/02/2025
915,DE,mobile,new,25/02/2025
916,DE,console,new,21/06/2025
917,UK,mobile,returning,22/01/2025
918,UK,mobile,new,13/03/2025
919,UK,mobile,new,18/03/2025
920,US,mobile,new,25/05/2025
921,UK,mobile,new,29/03/2025
922,DE,mobile,new,24/06/2025
923,US,mobile,returning,14/05/2025
924,US,mobile,returning,07/05/2025
925,UK,mobile,returning,16/05/2025
926,UK,mobile,returning,30/01/2025
927,UK,mobile,new,22/03/2025
928,DE,mobile,returning,16/04/2025
929,US,mobile,returning,07/02/2025
930,US,mobile,new,22/01/2025
931,UK,mobile,returning,25/01/2025
932,UK,pc,new,23/05/2025
933,US,console,new,29/04/2025
934,US,console,new,20/02/2025
935,US,mobile,new,13/05/2025
936,UK,mobile,new,06/05/2025
937,DE,mobile,returning,27/05/2025
938,UK,pc,returning,13/06/2025
939,DE,pc,new,08/06/2025
940,UK,pc,returning,02/02/2025
941,UK,console,new,19/05/2025
942,DE,mobile,returning,12/03/2025
943,UK,pc,new,14/03/2025
944,US,pc,new,27/04/2025
945,US,mobile,returning,19/04/2025
946,UK,console,returning,17/03/2025
947,US,mobile,returning,29/06/2025
948,DE,console,returning,01/02/2025
949,DE,pc,returning,18/01/2025
950,UK,mobile,new,06/01/2025
951,US,pc,new,27/05/2025
952,UK,mobile,new,15/03/2025
953,UK,pc,new,20/03/2025
954,UK,pc,new,27/04/2025
955,DE,pc,returning,20/03/2025
956,DE,console,new,14/04/2025
957,US,mobile,returning,11/01/2025
958,US,mobile,returning,29/01/2025
959,US,mobile,returning,17/06/2025
960,US,mobile,returning,23/03/2025
961,US,mobile,new,31/01/2025
962,US,mobile,new,08/03/2025
963,UK,mobile,returning,02/03/2025
964,UK,mobile,returning,19/02/2025
965,DE,console,new,22/02/2025
966,US,mobile,new,12/05/2025
967,DE,console,returning,20/01/2025
968,UK,mobile,returning,25/02/2025
969,US,mobile,new,26/03/2025
970,UK,mobile,new,08/04/2025
971,UK,mobile,returning,08/06/2025
972,UK,mobile,new,16/06/2025
973,UK,mobile,returning,23/02/2025
974,DE,mobile,new,08/04/2025
975,UK,mobile,returning,05/01/2025
976,US,pc,new,22/04/2025
977,US,mobile,new,28/01/2025
978,US,pc,returning,14/01/2025
979,US,mobile,returning,01/05/2025
980,UK,console,returning,02/02/2025
981,DE,pc,new,27/03/2025
982,DE,console,returning,19/01/2025
983,US,pc,returning,15/05/2025
984,US,mobile,returning,18/05/2025
985,UK,mobile,new,14/04/2025
986,DE,mobile,returning,31/05/2025
987,UK,pc,returning,20/03/2025
988,UK,pc,returning,03/02/2025
989,UK,mobile,new,28/01/2025
990,US,console,new,09/02/2025
991,US,mobile,new,06/02/2025
992,US,pc,returning,28/02/2025
993,US,pc,returning,08/02/2025
994,UK,mobile,new,17/04/2025
995,DE,pc,returning,27/01/2025
996,US,pc,returning,22/04/2025
997,US,mobile,new,02/03/2025
998,UK,mobile,new,04/05/2025
999,DE,mobile,returning,03/04/2025
1000,UK,pc,returning,12/06/2025
1001,UK,mobile,new,21/03/2025
1002,US,console,returning,23/02/2025
1003,UK,console,returning,17/04/2025
1004,UK,mobile,returning,29/04/2025
1005,US,mobile,returning,21/03/2025
1006,UK,pc,returning,11/04/2025
1007,DE,pc,returning,26/03/2025
1008,UK,mobile,new,25/02/2025
1009,US,mobile,returning,26/02/2025
1010,US,mobile,new,13/06/2025
1011,US,console,returning,02/05/2025
1012,US,mobile,new,18/01/2025
1013,US,console,returning,23/06/2025
1014,DE,mobile,new,09/05/2025
1015,UK,console,new,10/01/2025
1016,UK,mobile,new,12/05/2025
1017,US,mobile,returning,17/04/2025
1018,DE,console,returning,14/06/2025
1019,UK,console,new,30/03/2025
1020,US,mobile,returning,04/04/2025
1021,DE,mobile,returning,26/02/2025
1022,US,mobile,new,27/02/2025
1023,DE,mobile,returning,22/04/2025
1024,US,mobile,new,29/05/2025
1025,US,console,new,10/06/2025
1026,UK,mobile,returning,19/05/2025
1027,DE,pc,new,20/04/2025
1028,UK,mobile,returning,01/04/2025
1029,US,mobile,returning,03/03/2025
1030,US,pc,returning,19/05/2025
1031,US,mobile,returning,27/02/2025
1032,US,pc,returning,18/02/2025
1033,US,mobile,returning,06/06/2025
1034,DE,console,new,17/04/2025
1035,US,pc,new,05/03/2025
1036,US,console,returning,05/06/2025
1037,UK,mobile,new,23/06/2025
1038,US,mobile,new,27/02/2025
1039,US,mobile,new,04/04/2025
1040,UK,mobile,returning,29/03/2025
1041,UK,mobile,new,07/05/2025
1042,US,mobile,new,21/06/2025
1043,US,mobile,new,09/04/2025
1044,US,mobile,new,24/05/2025
1045,UK,mobile,returning,18/04/2025
1046,UK,mobile,new,09/06/2025
1047,UK,mobile,returning,14/03/2025
1048,US,pc,returning,11/03/2025
1049,DE,mobile,new,18/03/2025
1050,UK,mobile,returning,29/06/2025
1051,US,mobile,returning,21/04/2025
1052,UK,pc,returning,28/01/2025
1053,UK,mobile,new,08/01/2025
1054,UK,pc,new,04/04/2025
1055,UK,console,returning,26/05/2025
1056,US,mobile,returning,28/03/2025
1057,DE,console,returning,11/04/2025
1058,UK,pc,returning,24/05/2025
1059,US,mobile,new,03/04/2025
1060,US,mobile,returning,13/06/2025
1061,DE,pc,returning,25/04/2025
1062,US,console,returning,12/05/2025
1063,UK,mobile,new,21/05/2025
1064,US,mobile,new,23/04/2025
1065,UK,pc,returning,10/01/2025
1066,DE,mobile,returning,18/03/2025
1067,UK,pc,returning,26/01/2025
1068,US,mobile,new,02/04/2025
1069,UK,pc,new,26/01/2025
1070,US,console,returning,02/04/2025
1071,DE,pc,new,03/03/2025
1072,US,pc,new,04/01/2025
1073,US,pc,returning,23/01/2025
1074,DE,pc,new,01/04/2025
1075,DE,console,returning,15/01/2025
1076,UK,mobile,new,04/06/2025
1077,US,pc,returning,17/05/2025
1078,US,mobile,returning,08/05/2025
1079,US,console,returning,31/01/2025
1080,UK,pc,returning,24/05/2025
1081,UK,mobile,new,25/04/2025
1082,DE,mobile,returning,12/03/2025
1083,DE,mobile,returning,01/01/2025
1084,DE,pc,returning,06/04/2025
1085,DE,mobile,returning,24/05/2025
1086,US,mobile,returning,07/01/2025
1087,US,console,returning,10/01/2025
1088,US,pc,returning,10/03/2025
1089,US,mobile,new,03/04/2025
1090,US,mobile,returning,27/03/2025
1091,UK,console,returning,18/03/2025
1092,US,pc,new,15/02/2025
1093,UK,pc,returning,11/01/2025
1094,UK,mobile,returning,06/01/2025
1095,US,mobile,new,18/01/2025
1096,US,mobile,returning,05/05/2025
1097,UK,pc,returning,22/05/2025
1098,DE,mobile,returning,20/03/2025
1099,DE,mobile,new,14/01/2025
1100,UK,pc,returning,16/03/2025
1101,UK,console,new,27/06/2025
1102,UK,pc,returning,14/02/2025
1103,US,mobile,new,30/03/2025
1104,DE,mobile,returning,07/04/2025
1105,UK,mobile,returning,01/03/2025
1106,US,mobile,returning,20/03/2025
1107,UK,mobile,returning,26/03/2025
1108,UK,mobile,returning,27/03/2025
1109,DE,pc,returning,10/05/2025
1110,UK,console,new,15/04/2025
1111,UK,console,returning,10/01/2025
1112,US,mobile,returning,02/01/2025
1113,US,mobile,returning,15/03/2025
1114,DE,mobile,returning,13/06/2025
1115,DE,mobile,returning,07/01/2025
1116,UK,mobile,returning,13/01/2025
1117,UK,mobile,returning,03/05/2025
1118,US,pc,new,23/03/2025
1119,UK,mobile,returning,11/02/2025
1120,DE,console,returning,07/02/2025
1121,US,mobile,returning,30/04/2025
1122,UK,mobile,returning,05/04/2025
1123,DE,mobile,new,25/04/2025
1124,UK,mobile,new,20/02/2025
1125,US,mobile,returning,05/04/2025
1126,US,console,new,04/06/2025
1127,US,mobile,new,26/02/2025
1128,US,mobile,new,13/03/2025
1129,US,pc,returning,30/01/2025
1130,DE,mobile,returning,25/04/2025
1131,DE,pc,new,06/01/2025
1132,US,mobile,new,14/02/2025
1133,UK,pc,returning,09/05/2025
1134,US,mobile,new,04/01/2025
1135,DE,mobile,returning,28/06/2025
1136,UK,pc,returning,14/03/2025
1137,US,console,new,13/03/2025
1138,US,mobile,returning,07/04/2025
1139,UK,pc,new,26/04/2025
1140,US,mobile,new,24/03/2025
1141,UK,mobile,returning,09/06/2025
1142,US,mobile,returning,23/06/2025
1143,DE,pc,returning,06/02/2025
1144,DE,mobile,new,08/05/2025
1145,US,pc,new,24/02/2025
1146,UK,mobile,returning,29/06/2025
1147,US,console,returning,15/02/2025
1148,DE,pc,returning,23/02/2025
1149,US,mobile,new,09/05/2025
1150,DE,mobile,returning,23/05/2025
1151,UK,mobile,returning,24/01/2025
1152,DE,console,returning,11/04/2025
1153,UK,mobile,new,04/03/2025
1154,UK,mobile,returning,21/04/2025
1155,US,mobile,new,11/04/2025
1156,UK,pc,returning,27/06/2025
1157,UK,mobile,returning,18/06/2025
1158,UK,mobile,returning,28/04/2025
1159,US,console,returning,03/05/2025
1160,US,mobile,returning,11/06/2025
1161,UK,pc,returning,03/02/2025
1162,US,mobile,returning,11/05/2025
1163,DE,mobile,returning,19/05/2025
1164,UK,console,new,23/01/2025
1165,UK,pc,returning,08/06/2025
1166,DE,pc,returning,06/05/2025
1167,DE,mobile,returning,04/03/2025
1168,US,mobile,returning,29/03/2025
1169,DE,mobile,returning,30/03/2025
1170,UK,mobile,new,15/06/2025
1171,UK,mobile,returning,24/06/2025
1172,US,mobile,new,26/05/2025
1173,UK,mobile,new,28/04/2025
1174,US,mobile,new,19/01/2025
1175,US,mobile,new,14/06/2025
1176,US,mobile,new,25/01/2025
1177,US,console,returning,31/01/2025
1178,UK,pc,new,13/01/2025
1179,UK,mobile,returning,20/06/2025
1180,UK,pc,new,30/03/2025
1181,US,pc,returning,12/02/2025
1182,UK,mobile,returning,15/01/2025
1183,UK,mobile,new,16/03/2025
1184,UK,mobile,returning,11/05/2025
1185,UK,mobile,returning,29/06/2025
1186,DE,pc,returning,10/04/2025
1187,UK,console,new,20/04/2025
1188,DE,mobile,returning,31/05/2025
1189,UK,pc,returning,12/06/2025
1190,US,mobile,new,20/02/2025
1191,US,pc,returning,28/06/2025
1192,UK,pc,new,04/04/2025
1193,DE,mobile,returning,17/06/2025
1194,DE,mobile,new,22/01/2025
1195,DE,pc,new,18/01/2025
1196,UK,console,returning,09/06/2025
1197,UK,mobile,returning,02/05/2025
1198,US,mobile,returning,01/02/2025
1199,UK,mobile,returning,11/06/2025
1200,US,pc,new,19/01/2025
